{
    "Listings": [
      ["Address", "Price", "Bedrooms", "Bathrooms", "Square Feet", "Type"],
      ["123 Main St", "450000", "3", "2", "1800", "Single Family"],
      ["456 Oak Ave", "375000", "2", "1.5", "1500", "Townhouse"],
      ["789 Pine Ln", "550000", "4", "3", "2200", "Single Family"],
      ["101 Elm Ct", "625000", "3", "2.5", "2000", "Condo"]
    ],
    "Agents": [
      ["Name", "Phone", "Email", "Listings"],
      ["John Smith", "555-1234", "john@realestate.com", "12"],
      ["Sarah Johnson", "555-5678", "sarah@realestate.com", "8"],
      ["Mike Brown", "555-9876", "mike@realestate.com", "15"]
    ],

    "Longer List": [
      ["Address", "Price", "Bedrooms", "Bathrooms", "Square Feet", "Type"],
      ["123 Main St", "450000", "3", "2", "1800", "Single Family"],
      ["456 Oak Ave", "375000", "2", "1.5", "1500", "Townhouse"],
      ["789 Pine Ln", "550000", "4", "3", "2200", "Single Family"],
      ["101 Elm Ct", "625000", "3", "2.5", "2000", "Condo"],
      ["123 Main St", "450000", "3", "2", "1800", "Single Family"],
      ["456 Oak Ave", "375000", "2", "1.5", "1500", "Townhouse"],
      ["789 Pine Ln", "550000", "4", "3", "2200", "Single Family"],
      ["101 Elm Ct", "625000", "3", "2.5", "2000", "Condo"],
      ["123 Main St", "450000", "3", "2", "1800", "Single Family"],
      ["456 Oak Ave", "375000", "2", "1.5", "1500", "Townhouse"],
      ["789 Pine Ln", "550000", "4", "3", "2200", "Single Family"],
      ["101 Elm Ct", "625000", "3", "2.5", "2000", "Condo"],
      ["123 Main St", "450000", "3", "2", "1800", "Single Family"],
      ["456 Oak Ave", "375000", "2", "1.5", "1500", "Townhouse"],
      ["789 Pine Ln", "550000", "4", "3", "2200", "Single Family"],
      ["101 Elm Ct", "625000", "3", "2.5", "2000", "Condo"],
      ["123 Main St", "450000", "3", "2", "1800", "Single Family"],
      ["456 Oak Ave", "375000", "2", "1.5", "1500", "Townhouse"],
      ["789 Pine Ln", "550000", "4", "3", "2200", "Single Family"],
      ["101 Elm Ct", "625000", "3", "2.5", "2000", "Condo"],
      ["123 Main St", "450000", "3", "2", "1800", "Single Family"],
      ["456 Oak Ave", "375000", "2", "1.5", "1500", "Townhouse"],
      ["789 Pine Ln", "550000", "4", "3", "2200", "Single Family"],
      ["101 Elm Ct", "625000", "3", "2.5", "2000", "Condo"],
      ["123 Main St", "450000", "3", "2", "1800", "Single Family"],
      ["456 Oak Ave", "375000", "2", "1.5", "1500", "Townhouse"],
      ["789 Pine Ln", "550000", "4", "3", "2200", "Single Family"],
      ["101 Elm Ct", "625000", "3", "2.5", "2000", "Condo"],
      ["123 Main St", "450000", "3", "2", "1800", "Single Family"],
      ["456 Oak Ave", "375000", "2", "1.5", "1500", "Townhouse"],
      ["789 Pine Ln", "550000", "4", "3", "2200", "Single Family"],
      ["101 Elm Ct", "625000", "3", "2.5", "2000", "Condo"],
      ["123 Main St", "450000", "3", "2", "1800", "Single Family"],
      ["456 Oak Ave", "375000", "2", "1.5", "1500", "Townhouse"],
      ["789 Pine Ln", "550000", "4", "3", "2200", "Single Family"],
      ["101 Elm Ct", "625000", "3", "2.5", "2000", "Condo"],
      ["123 Main St", "450000", "3", "2", "1800", "Single Family"],
      ["456 Oak Ave", "375000", "2", "1.5", "1500", "Townhouse"],
      ["789 Pine Ln", "550000", "4", "3", "2200", "Single Family"],
      ["101 Elm Ct", "625000", "3", "2.5", "2000", "Condo"],
      ["123 Main St", "450000", "3", "2", "1800", "Single Family"],
      ["456 Oak Ave", "375000", "2", "1.5", "1500", "Townhouse"],
      ["789 Pine Ln", "550000", "4", "3", "2200", "Single Family"],
      ["101 Elm Ct", "625000", "3", "2.5", "2000", "Condo"],
      ["123 Main St", "450000", "3", "2", "1800", "Single Family"],
      ["456 Oak Ave", "375000", "2", "1.5", "1500", "Townhouse"],
      ["789 Pine Ln", "550000", "4", "3", "2200", "Single Family"],
      ["101 Elm Ct", "625000", "3", "2.5", "2000", "Condo"],
      ["123 Main St", "450000", "3", "2", "1800", "Single Family"],
      ["456 Oak Ave", "375000", "2", "1.5", "1500", "Townhouse"],
      ["789 Pine Ln", "550000", "4", "3", "2200", "Single Family"],
      ["101 Elm Ct", "625000", "3", "2.5", "2000", "Condo"],
      ["123 Main St", "450000", "3", "2", "1800", "Single Family"],
      ["456 Oak Ave", "375000", "2", "1.5", "1500", "Townhouse"],
      ["789 Pine Ln", "550000", "4", "3", "2200", "Single Family"],
      ["101 Elm Ct", "625000", "3", "2.5", "2000", "Condo"],
      ["123 Main St", "450000", "3", "2", "1800", "Single Family"],
      ["456 Oak Ave", "375000", "2", "1.5", "1500", "Townhouse"],
      ["789 Pine Ln", "550000", "4", "3", "2200", "Single Family"],
      ["101 Elm Ct", "625000", "3", "2.5", "2000", "Condo"],
      ["123 Main St", "450000", "3", "2", "1800", "Single Family"],
      ["456 Oak Ave", "375000", "2", "1.5", "1500", "Townhouse"],
      ["789 Pine Ln", "550000", "4", "3", "2200", "Single Family"],
      ["101 Elm Ct", "625000", "3", "2.5", "2000", "Condo"],
      ["123 Main St", "450000", "3", "2", "1800", "Single Family"],
      ["456 Oak Ave", "375000", "2", "1.5", "1500", "Townhouse"],
      ["789 Pine Ln", "550000", "4", "3", "2200", "Single Family"],
      ["101 Elm Ct", "625000", "3", "2.5", "2000", "Condo"],
      ["123 Main St", "450000", "3", "2", "1800", "Single Family"],
      ["456 Oak Ave", "375000", "2", "1.5", "1500", "Townhouse"],
      ["789 Pine Ln", "550000", "4", "3", "2200", "Single Family"],
      ["101 Elm Ct", "625000", "3", "2.5", "2000", "Condo"],
      ["123 Main St", "450000", "3", "2", "1800", "Single Family"],
      ["456 Oak Ave", "375000", "2", "1.5", "1500", "Townhouse"],
      ["789 Pine Ln", "550000", "4", "3", "2200", "Single Family"],
      ["101 Elm Ct", "625000", "3", "2.5", "2000", "Condo"]
      
    ],
    "SingleRow": [["House 1", "House 2", "House 3"]],

  "NonNumericalYValues": [
    ["House 1", "House 2", "House 3"],
    ["100", "Invalid", "300"]
  ],

  "UnevenRows": [
    ["House 1", "House 2"],
    ["100", "200", "300"]
  ],

  "Agents2": [
      ["1", "2", "3", "4"],
      ["John Smith", "555-1234", "john@realestate.com", "12"],
      ["Sarah Johnson", "555-5678", "sarah@realestate.com", "8"],
      ["Mike Brown", "555-9876", "mike@realestate.com", "15"]
    ]



}